stevilka_sasije,letnik,barva,gorivo,oseba,model
2274547823,1993,Aquamarine,Bencin,99,86
3171709805,1995,Turquoise,Diesel,437,22
1051911117,2011,Blue,Plin,444,72
9732582030,1986,Fuscia,Diesel,161,18
0224564102,2012,Pink,Diesel,216,5
9171626387,2010,Orange,Hibrid,90,75
7367035185,2002,Aquamarine,Hibrid,450,34
0252728351,1995,Maroon,Hibrid,468,46
0073269735,2005,Puce,Plin,470,79
7042128249,1997,Yellow,Diesel,305,100
3200404299,2000,Fuscia,Hibrid,28,15
7624167948,1997,Aquamarine,Diesel,467,42
0977050939,2007,Blue,Bencin,81,69
2569193461,2002,Purple,Hibrid,144,91
1951748689,1999,Blue,Diesel,313,53
7410923709,1992,Purple,Hibrid,358,28
4848058457,2003,Goldenrod,Bencin,195,57
4770811225,1999,Aquamarine,Hibrid,364,37
2116609453,2011,Blue,Plin,24,79
3479534546,2011,Mauv,Diesel,129,26
3703942665,2009,Teal,Hibrid,227,43
7517275755,1999,Maroon,Hibrid,467,80
0584121822,2008,Turquoise,Hibrid,347,73
5587092542,1998,Green,Bencin,321,97
2166604498,1989,Turquoise,Diesel,240,19
9381759561,2012,Maroon,Bencin,130,32
5693865320,2008,Goldenrod,Bencin,324,98
3909855814,2012,Mauv,Diesel,358,43
1488949131,2007,Orange,Bencin,257,42
9123710330,2009,Indigo,Diesel,117,61
7687301684,2003,Goldenrod,Diesel,40,80
0931711037,1994,Red,Diesel,250,74
4155643480,2000,Mauv,Hibrid,84,55
3522907760,1997,Blue,Bencin,166,63
5844746740,2010,Teal,Diesel,500,4
8743267467,1996,Aquamarine,Plin,230,38
5408255387,2007,Maroon,Plin,327,97
9010966119,1994,Indigo,Plin,455,75
0195076877,2003,Fuscia,Diesel,354,26
7234129251,1988,Maroon,Plin,168,22
6926225370,2010,Crimson,Hibrid,254,48
4851693516,2008,Turquoise,Diesel,380,23
5168225446,1989,Fuscia,Bencin,432,27
3338383592,2008,Red,Plin,78,28
1267997613,1988,Pink,Bencin,327,6
2299965017,1999,Mauv,Diesel,380,30
5963935040,2005,Khaki,Diesel,38,67
8780252702,2011,Turquoise,Bencin,255,89
1624000940,1993,Purple,Hibrid,278,30
5343919057,2000,Mauv,Bencin,412,9
7284181265,1986,Indigo,Plin,240,73
4301918256,1999,Puce,Diesel,128,78
6632620450,2003,Orange,Diesel,10,31
0326837647,2012,Red,Diesel,239,63
3938979844,2007,Goldenrod,Diesel,241,88
5129678737,2004,Blue,Plin,68,95
6841498429,2012,Turquoise,Diesel,353,1
3502103798,2009,Teal,Hibrid,69,71
6329925917,1998,Indigo,Hibrid,78,72
6092382970,2009,Mauv,Hibrid,169,70
3995384463,2005,Indigo,Bencin,262,74
7607460772,1995,Mauv,Hibrid,424,33
4382487307,1988,Khaki,Hibrid,393,28
5583626046,1999,Pink,Hibrid,46,41
0275301508,1986,Green,Diesel,34,74
8572611339,2004,Crimson,Hibrid,369,11
6684290648,2009,Indigo,Diesel,381,1
4693531219,2010,Mauv,Bencin,428,92
5907778393,2002,Khaki,Diesel,127,47
0376763418,2004,Puce,Diesel,430,37
1810118433,1999,Fuscia,Bencin,164,3
5723076124,1993,Red,Bencin,193,67
7562249954,1994,Green,Diesel,212,23
6155193703,2011,Pink,Bencin,249,85
6999315310,2008,Fuscia,Diesel,362,26
3199927300,1997,Goldenrod,Hibrid,297,54
4725157880,2003,Aquamarine,Diesel,178,23
6689052575,1998,Puce,Diesel,15,80
2692739671,2006,Blue,Plin,288,32
1765759641,1994,Goldenrod,Bencin,341,26
5621306570,2010,Aquamarine,Hibrid,103,45
6119485856,2006,Fuscia,Diesel,260,66
6534015455,1993,Mauv,Hibrid,12,51
1103342479,2005,Indigo,Hibrid,224,97
0397313586,1998,Goldenrod,Hibrid,29,71
1468912488,1992,Turquoise,Hibrid,123,61
2679645901,2008,Yellow,Plin,432,5
1190675838,2002,Crimson,Hibrid,48,35
1230230815,2005,Fuscia,Hibrid,380,99
2535602210,1995,Goldenrod,Plin,235,61
9014390157,2001,Green,Plin,223,19
2792018720,2005,Purple,Plin,432,85
3284021183,2010,Turquoise,Bencin,338,42
6995203348,1992,Mauv,Hibrid,73,24
6209252214,1997,Pink,Plin,396,93
5117661753,1998,Yellow,Diesel,88,62
5799227476,2002,Teal,Plin,46,4
3514787697,2011,Aquamarine,Bencin,85,71
4778826701,2007,Puce,Plin,186,91
2110253371,1965,Fuscia,Hibrid,65,75
6699089277,1996,Orange,Bencin,243,54
2025744722,1991,Teal,Diesel,445,80
6344400684,1995,Khaki,Diesel,399,86
1068531290,1994,Khaki,Bencin,467,78
4680565349,2000,Fuscia,Plin,374,32
2057450007,2006,Indigo,Plin,101,69
7660656503,1998,Maroon,Bencin,227,13
0249078171,1986,Blue,Hibrid,203,19
6517624880,2011,Pink,Bencin,246,45
3504727136,1986,Blue,Hibrid,142,23
8172375344,1976,Violet,Diesel,405,76
4655490357,2009,Khaki,Diesel,231,3
8012687739,2007,Mauv,Bencin,136,61
6527378629,2008,Purple,Bencin,168,68
3002452181,2003,Yellow,Diesel,480,86
5682711971,2001,Purple,Diesel,76,99
0761982906,2007,Maroon,Diesel,319,27
0646880314,1999,Mauv,Diesel,1,16
8040256917,2010,Yellow,Diesel,471,16
0925691496,2009,Pink,Plin,261,39
1664233083,1995,Indigo,Diesel,322,7
2784814688,2003,Fuscia,Diesel,422,44
3184403688,1999,Purple,Hibrid,368,1
9218879324,2006,Yellow,Diesel,24,35
9629608529,2001,Pink,Plin,167,88
7410799021,1990,Red,Diesel,205,10
0169299651,2011,Red,Hibrid,32,94
9135141832,1992,Purple,Bencin,385,46
9278380989,1998,Crimson,Diesel,136,91
8557062532,1993,Turquoise,Hibrid,262,55
9547178652,2005,Indigo,Diesel,426,78
6505126791,2010,Yellow,Diesel,315,3
4146142776,1999,Fuscia,Diesel,47,43
3991476150,2011,Maroon,Hibrid,290,93
6651664190,1993,Pink,Bencin,499,63
2962943276,2006,Pink,Bencin,474,82
1393140408,2006,Puce,Hibrid,84,2
1658895282,2007,Crimson,Diesel,190,7
6361164136,2001,Teal,Diesel,300,49
2858233543,1994,Pink,Diesel,195,32
2177976324,1994,Orange,Bencin,128,97
3272828702,2006,Yellow,Plin,215,33
4164208856,1990,Pink,Plin,161,43
9673464219,1992,Indigo,Bencin,200,20
8958114002,2008,Crimson,Bencin,8,68
8471130173,1986,Teal,Hibrid,73,52
2314820045,2001,Maroon,Plin,375,57
7097321717,2005,Turquoise,Plin,356,52
0381387984,2008,Goldenrod,Bencin,389,70
1851333800,2012,Maroon,Hibrid,222,30
4371190871,1967,Mauv,Diesel,46,71
5494102718,1989,Red,Diesel,349,6
5671261732,2009,Khaki,Diesel,268,7
4530041867,2004,Turquoise,Bencin,242,32
8718337635,1995,Puce,Bencin,53,11
2540135293,1991,Blue,Plin,197,46
0523620330,2001,Mauv,Diesel,214,47
0992400961,1994,Green,Hibrid,25,13
8811792665,1999,Turquoise,Plin,260,45
8976159349,1994,Crimson,Plin,490,19
4956809328,2007,Purple,Hibrid,17,67
1930884052,2002,Blue,Diesel,438,65
2853846660,1997,Maroon,Plin,285,67
1725937212,1985,Yellow,Hibrid,220,5
4154004433,2009,Yellow,Diesel,98,18
2658200374,1993,Maroon,Diesel,107,39
9014806191,1995,Indigo,Bencin,434,34
0426055977,1996,Fuscia,Bencin,296,51
2715255497,1997,Mauv,Diesel,291,79
0390133302,2013,Turquoise,Bencin,121,23
9327442091,1995,Turquoise,Plin,284,14
6867698131,1991,Violet,Hibrid,44,93
4881979043,1989,Pink,Diesel,253,99
0837329922,1989,Yellow,Hibrid,57,93
6560048985,1991,Violet,Plin,160,25
3914769610,1985,Indigo,Bencin,421,97
5628901199,1968,Blue,Plin,465,90
6352815340,1997,Violet,Hibrid,282,18
9974015448,2001,Blue,Hibrid,306,23
7473239600,1989,Indigo,Bencin,167,38
7512461690,2005,Crimson,Diesel,443,39
6615601958,1994,Maroon,Bencin,32,95
9515237459,1997,Fuscia,Plin,218,68
9707168145,1996,Green,Plin,278,91
4470502693,1998,Turquoise,Bencin,385,3
5806896730,2007,Mauv,Plin,473,78
4639336543,2004,Orange,Bencin,44,65
5796370669,1996,Teal,Bencin,161,39
7563926038,1986,Orange,Plin,300,100
5812280215,2009,Orange,Plin,265,8
8813372604,2007,Puce,Diesel,402,51
2447427085,1994,Pink,Hibrid,192,68
3242716043,2006,Purple,Plin,198,1
0885519655,2011,Khaki,Diesel,66,2
0434597317,2000,Khaki,Diesel,60,86
3059263051,2010,Khaki,Bencin,101,60
4157823990,2004,Goldenrod,Plin,54,72
6409920350,2006,Goldenrod,Hibrid,470,88
9189034643,1995,Red,Diesel,333,28
2066398160,1987,Fuscia,Bencin,278,50
0175873070,1993,Blue,Plin,265,35
4252809053,2005,Pink,Bencin,437,35
4155672898,2009,Teal,Bencin,68,97
6845751897,2009,Violet,Hibrid,483,66
1978095449,2003,Green,Plin,229,69
9511336576,1998,Fuscia,Plin,105,75
7292159117,1994,Mauv,Plin,260,62
9829474208,1997,Indigo,Bencin,75,99
1184174954,1988,Orange,Hibrid,229,50
6529374086,2005,Fuscia,Plin,384,84
4387709960,1995,Yellow,Diesel,296,24
2739160135,2000,Purple,Diesel,136,96
5687666427,2004,Turquoise,Plin,470,56
0156529165,2013,Goldenrod,Plin,122,57
6369630136,1964,Maroon,Plin,73,32
9519584641,1994,Violet,Plin,451,2
5974802497,2004,Indigo,Hibrid,252,9
7099728601,1999,Indigo,Plin,238,64
6710965295,1987,Pink,Hibrid,317,65
3209738068,2004,Puce,Plin,277,82
2285498675,2008,Mauv,Plin,461,77
8525675938,2005,Green,Plin,370,48
5481860945,1995,Crimson,Plin,137,98
8104164600,2001,Red,Plin,346,63
6302750547,2005,Turquoise,Bencin,139,32
2487574801,1994,Orange,Hibrid,74,11
8445673793,2001,Teal,Hibrid,74,19
6538560466,2002,Puce,Bencin,410,39
5842475774,2008,Green,Diesel,229,81
4026802159,2006,Indigo,Diesel,281,83
2172901288,1996,Turquoise,Hibrid,269,67
5198898929,2011,Aquamarine,Plin,127,21
4418827773,2005,Maroon,Diesel,393,63
2958966542,2009,Khaki,Diesel,9,89
0229956807,2011,Aquamarine,Bencin,49,35
3025723793,1993,Blue,Hibrid,42,78
2611169055,2012,Khaki,Hibrid,235,21
4311215185,2008,Pink,Bencin,249,6
0369476301,2006,Blue,Hibrid,158,82
2867599725,1997,Yellow,Plin,23,72
4503326341,1968,Teal,Hibrid,482,7
8648297761,2000,Khaki,Hibrid,465,26
5551432505,2005,Crimson,Plin,330,3
1028748876,2012,Teal,Diesel,226,57
2380098255,2010,Mauv,Bencin,118,59
8341106329,2012,Red,Bencin,2,7
1038179874,2006,Turquoise,Plin,237,28
8389618710,2008,Fuscia,Bencin,83,91
8024745623,2005,Teal,Plin,172,98
1684227593,2007,Pink,Plin,434,65
1171854927,2003,Turquoise,Bencin,7,66
9256983672,2010,Blue,Bencin,165,34
6114982053,1980,Green,Bencin,68,49
0766066185,2012,Turquoise,Hibrid,37,50
7415161785,1995,Orange,Plin,363,78
1183948891,2002,Teal,Diesel,326,5
3465620623,1985,Pink,Hibrid,354,19
9591188552,2005,Purple,Bencin,434,58
4288166098,2009,Teal,Bencin,263,53
3431738850,2012,Mauv,Bencin,357,49
2252276347,1988,Crimson,Diesel,2,26
5499037078,1948,Pink,Hibrid,464,29
1813900507,1997,Violet,Plin,156,64
3420969503,1997,Yellow,Bencin,11,62
4294856270,2002,Turquoise,Hibrid,75,95
8600878829,2005,Orange,Diesel,190,1
4550183985,2001,Orange,Bencin,390,94
2669754929,2004,Crimson,Bencin,290,4
4154613065,1992,Goldenrod,Hibrid,75,66
0395862558,2010,Crimson,Hibrid,111,43
5171428182,2011,Crimson,Plin,420,1
8080289476,1992,Red,Bencin,8,63
8999597466,1985,Teal,Hibrid,198,43
4704033147,2007,Pink,Plin,283,18
8637097391,2000,Teal,Diesel,108,24
4675882293,2008,Teal,Diesel,158,53
0394268288,1994,Turquoise,Hibrid,162,77
0712325247,2005,Violet,Bencin,116,61
1530060818,1997,Orange,Plin,186,69
1174269952,1998,Indigo,Plin,475,62
8450290295,1989,Puce,Hibrid,112,45
8959607568,2006,Violet,Plin,172,71
2754206973,1985,Blue,Diesel,36,84
4787360736,2003,Violet,Bencin,99,2
7055343259,2008,Indigo,Hibrid,119,49
7854121923,1985,Green,Plin,199,84
8297383067,2006,Maroon,Plin,43,30
2690838443,2008,Red,Bencin,63,6
1764401026,1997,Yellow,Hibrid,269,71
1245238841,1995,Turquoise,Bencin,490,16
1191587118,2000,Teal,Plin,117,28
1704233119,1983,Teal,Diesel,190,63
2134702338,1998,Orange,Bencin,431,25
1912571943,1992,Khaki,Plin,164,72
9602154594,2008,Maroon,Plin,295,19
0658233203,2004,Blue,Diesel,414,47
2460160852,1997,Fuscia,Plin,340,33
6810362924,2008,Blue,Hibrid,304,16
0997621656,1996,Blue,Plin,231,54
1353016862,2007,Puce,Diesel,449,15
2726401279,1995,Teal,Hibrid,1,97
0432863354,1993,Red,Diesel,499,97
2460338767,1993,Turquoise,Diesel,426,37
3569265366,2002,Purple,Diesel,306,73
4567142705,2007,Aquamarine,Bencin,452,48
8592100372,1985,Yellow,Plin,456,70
1817342517,1999,Violet,Hibrid,50,26
7290309987,1985,Teal,Bencin,66,83
5877839160,2012,Aquamarine,Bencin,248,24
3627053052,2012,Purple,Hibrid,187,72
2894540086,2009,Green,Plin,49,55
0201210347,2006,Yellow,Diesel,281,5
6715179387,2005,Aquamarine,Hibrid,147,82
2103621271,2007,Fuscia,Diesel,367,78
8037773302,2002,Teal,Bencin,235,16
5322976973,2009,Teal,Plin,440,39
1250336538,1993,Blue,Plin,468,65
1566123798,2010,Indigo,Plin,328,71
4525847492,2006,Yellow,Plin,191,14
0556935756,2008,Yellow,Bencin,94,69
5046837161,2007,Fuscia,Plin,221,41
2079516388,1999,Green,Bencin,210,44
3912923140,1997,Orange,Plin,464,94
0439137594,1996,Pink,Bencin,395,17
1578807999,1989,Turquoise,Bencin,70,33
8361964932,2013,Red,Hibrid,474,18
5244006029,1992,Crimson,Plin,187,5
7827091857,1992,Teal,Hibrid,267,39
2456070402,2004,Purple,Hibrid,105,82
0353658278,2006,Indigo,Bencin,259,97
1717723071,2001,Indigo,Diesel,60,59
7524426798,2009,Fuscia,Diesel,74,23
3558887883,1992,Teal,Hibrid,36,4
8570472366,1991,Turquoise,Hibrid,218,62
1561123803,2003,Mauv,Plin,228,38
0712542485,2006,Blue,Bencin,276,47
1801452458,1995,Blue,Hibrid,460,86
5922347829,2010,Pink,Bencin,199,52
7721566347,2010,Green,Diesel,91,48
0625683773,2010,Yellow,Hibrid,371,64
2704109591,1996,Khaki,Bencin,450,88
3851729676,2000,Mauv,Hibrid,128,39
7120010255,2011,Orange,Plin,289,7
7097671564,2001,Indigo,Diesel,442,54
6628195813,1992,Orange,Bencin,283,66
3249635847,2001,Mauv,Hibrid,285,50
9382939245,2003,Mauv,Bencin,117,46
2087037280,1989,Aquamarine,Bencin,252,77
5467453971,2003,Turquoise,Hibrid,130,15
8990655226,1994,Turquoise,Plin,127,48
8763718006,2010,Puce,Plin,133,77
3018067428,1990,Fuscia,Hibrid,473,3
9522503347,2006,Yellow,Bencin,483,53
9009777502,1996,Blue,Hibrid,76,81
6156922555,2010,Indigo,Bencin,159,30
9662583653,1997,Turquoise,Hibrid,249,13
9179737102,2008,Pink,Hibrid,250,10
4534857268,1999,Aquamarine,Plin,377,12
6333835625,2012,Pink,Plin,317,81
9742365288,1996,Violet,Plin,108,56
5027314175,2012,Puce,Plin,310,95
0438016505,2006,Mauv,Diesel,266,1
3800799197,2004,Red,Diesel,454,42
3858461938,1996,Teal,Diesel,168,4
6086132542,1995,Crimson,Bencin,49,11
7305384569,1969,Pink,Diesel,352,43
3136251156,2006,Aquamarine,Diesel,216,63
7675130367,2004,Puce,Plin,173,82
4874020364,1995,Purple,Hibrid,261,10
8129353741,2007,Purple,Plin,258,26
3900329591,2002,Goldenrod,Bencin,455,2
5561575260,2011,Blue,Diesel,322,66
7608052155,2002,Aquamarine,Diesel,165,87
9684064888,1984,Violet,Plin,57,1
3515446753,2012,Blue,Hibrid,204,78
5947330881,2004,Violet,Diesel,161,59
4730073762,1997,Turquoise,Diesel,21,51
7826318882,2006,Blue,Plin,452,7
1720431876,1998,Red,Plin,384,22
5756049223,2001,Aquamarine,Bencin,472,71
4728076938,1993,Puce,Hibrid,13,75
8277940327,2000,Purple,Plin,225,44
0529857553,2008,Pink,Plin,256,79
2256783286,2001,Crimson,Bencin,174,79
6921811794,1992,Indigo,Plin,281,44
5750435261,1998,Purple,Diesel,494,80
5265946845,1995,Green,Bencin,234,63
7371430077,2009,Puce,Plin,125,56
7867003657,1995,Red,Hibrid,177,98
5070783653,1990,Maroon,Bencin,415,26
3331878677,1994,Red,Plin,129,12
4372691483,2009,Turquoise,Bencin,122,88
4273160609,2011,Blue,Plin,86,2
5247672232,2003,Violet,Bencin,137,24
1478333359,2010,Maroon,Plin,323,59
4319712641,2003,Aquamarine,Diesel,375,61
0930275780,2012,Orange,Bencin,386,22
7747873794,2001,Violet,Bencin,186,91
6370316946,2004,Orange,Diesel,183,27
2319006249,1995,Blue,Diesel,217,21
4519078261,2007,Mauv,Plin,386,13
6657074158,2000,Goldenrod,Plin,32,68
5031506008,1988,Purple,Diesel,164,31
3425465376,2005,Puce,Bencin,338,43
8581612830,2009,Red,Plin,233,26
7642475276,2003,Maroon,Bencin,165,42
8320747449,2002,Turquoise,Hibrid,479,8
4604616477,1980,Khaki,Plin,126,66
9955974079,2010,Pink,Plin,215,12
6478758923,2009,Turquoise,Bencin,446,99
8412324846,2009,Purple,Hibrid,106,97
1013155157,2006,Yellow,Diesel,156,54
5176190818,2011,Khaki,Diesel,118,51
0602013720,2002,Orange,Bencin,101,93
3767218135,1993,Violet,Hibrid,56,3
4675035795,1996,Teal,Plin,416,88
7228329902,1992,Goldenrod,Hibrid,94,6
2459438982,2008,Khaki,Hibrid,280,98
8124344515,2000,Crimson,Hibrid,265,11
5280287539,2008,Purple,Hibrid,119,11
9129767830,2003,Teal,Plin,57,66
5862767517,2008,Pink,Bencin,146,83
6702408196,2008,Yellow,Bencin,413,21
6382231835,2012,Purple,Hibrid,278,42
4594529496,2000,Red,Hibrid,401,40
4153253871,2012,Maroon,Hibrid,119,2
5061825454,2007,Aquamarine,Diesel,112,45
3222556075,1990,Goldenrod,Bencin,426,99
2754390529,2005,Maroon,Hibrid,44,98
3843645655,2010,Green,Bencin,410,11
9979823410,1993,Red,Bencin,408,46
0036046787,2011,Teal,Plin,467,42
0346555353,2012,Maroon,Bencin,115,1
7969450547,2007,Turquoise,Plin,314,1
3862815889,1993,Puce,Hibrid,432,96
8857754340,1985,Red,Plin,88,14
0873625005,1999,Mauv,Plin,237,31
4248529475,2009,Red,Diesel,300,39
3604974232,2007,Teal,Hibrid,303,41
2022300092,2007,Green,Hibrid,271,35
7895849166,1989,Fuscia,Diesel,94,99
1954403151,2005,Aquamarine,Hibrid,495,18
2534343661,2012,Orange,Hibrid,140,52
9034987973,2007,Turquoise,Plin,230,35
0771847688,2008,Khaki,Bencin,345,28
1729051758,2000,Pink,Bencin,215,86
9978497404,1995,Violet,Bencin,358,1
1775954005,2007,Fuscia,Plin,130,62
0626757630,2003,Orange,Diesel,386,13
0440646820,1985,Red,Diesel,233,91
0655099824,2009,Crimson,Plin,73,55
3096848718,2003,Pink,Bencin,68,98
1461216451,2011,Khaki,Plin,185,49
1863981861,1992,Khaki,Hibrid,382,50
1986164969,1992,Red,Hibrid,241,90
4752752840,1995,Crimson,Diesel,247,8
9394840303,1992,Crimson,Diesel,229,45
1257222406,2000,Maroon,Diesel,4,50
5855587711,2008,Red,Diesel,186,44
9763260590,2012,Puce,Bencin,113,11
9813733039,1984,Crimson,Diesel,81,4
4909657002,1994,Fuscia,Bencin,366,84
8672497252,2009,Blue,Bencin,75,98
2320913394,2003,Teal,Hibrid,455,77
5343138624,2004,Indigo,Plin,452,36
9036142407,1985,Indigo,Plin,46,44
8655682225,2006,Crimson,Bencin,361,94
1975569040,1964,Maroon,Bencin,228,99
0758586795,1989,Orange,Bencin,423,41
1584976098,2008,Khaki,Hibrid,105,62
4915436225,2002,Goldenrod,Plin,191,66
8182437512,2005,Pink,Hibrid,129,11
6263781033,2010,Mauv,Diesel,132,60
6144940618,2005,Mauv,Diesel,287,59
8467620846,1993,Turquoise,Hibrid,247,30
7449015382,2004,Fuscia,Bencin,231,42
0471449539,1989,Yellow,Diesel,295,79
5293650424,1986,Blue,Hibrid,493,16
9047613155,2011,Maroon,Bencin,105,7
1382978502,1989,Purple,Hibrid,233,17
1011106558,1999,Red,Bencin,164,36
1020041072,1994,Yellow,Plin,494,100
4486295870,2005,Yellow,Bencin,159,75
4871433730,2008,Teal,Diesel,293,68
5532824878,1993,Fuscia,Hibrid,497,80
6396157837,2001,Goldenrod,Bencin,132,61
5467327283,2010,Blue,Plin,352,85
9444334732,2006,Crimson,Bencin,162,90
0316698334,2007,Red,Hibrid,467,6
5783259802,2005,Turquoise,Plin,392,17
5556479771,2012,Teal,Diesel,179,83
1774173522,2009,Violet,Bencin,425,99
5082348574,2005,Puce,Diesel,94,73
7105619775,1998,Indigo,Bencin,386,25
3607185085,2008,Maroon,Plin,453,20
3215510847,2007,Khaki,Diesel,51,44
7113116701,1993,Yellow,Diesel,414,17
3377744681,2013,Turquoise,Bencin,292,100
8510409080,1997,Mauv,Hibrid,495,67
9624696624,1997,Mauv,Bencin,486,71
4404543751,2010,Goldenrod,Bencin,462,91
6450826746,1987,Green,Hibrid,314,82
2279445786,2004,Pink,Bencin,390,77
5404458232,1991,Teal,Hibrid,197,86
0661944824,2001,Mauv,Bencin,100,15
1177498359,1991,Turquoise,Plin,330,70
9600989281,2006,Blue,Bencin,303,21
1424380871,1994,Crimson,Bencin,53,60
1168847206,1994,Fuscia,Plin,333,47
4385486050,2006,Orange,Bencin,241,57
8458228874,2013,Goldenrod,Diesel,48,69
7653750338,1996,Teal,Diesel,445,78
0915581744,1998,Aquamarine,Hibrid,98,18
6704826300,2006,Goldenrod,Plin,467,57
2280947439,2010,Blue,Hibrid,132,5
8143733408,2003,Violet,Diesel,387,16
8377981599,2005,Green,Hibrid,446,6
3411075082,2006,Indigo,Hibrid,187,94
9623092644,2002,Purple,Diesel,171,87
5347750472,1991,Teal,Bencin,137,16
9102317664,2009,Purple,Plin,239,87
9837879483,1992,Pink,Bencin,453,60
1608367061,2006,Crimson,Diesel,101,4
7227347109,2013,Turquoise,Hibrid,9,62
4360865341,2008,Maroon,Diesel,145,62
1113220325,2010,Khaki,Bencin,138,92
0037151592,2011,Orange,Plin,127,44
0989143252,1994,Purple,Diesel,148,67
8490268673,2007,Indigo,Diesel,494,9
3744942937,2012,Orange,Diesel,491,93
8035026275,2006,Fuscia,Diesel,276,55
9370210407,2002,Puce,Bencin,63,88
1665691077,2007,Fuscia,Diesel,185,100
4302650699,2005,Pink,Plin,97,11
0697540456,2007,Teal,Hibrid,106,23
0242408842,2007,Green,Hibrid,495,47
9099884508,2003,Indigo,Plin,54,49
9160573716,1995,Teal,Bencin,204,63
2013171706,2004,Maroon,Plin,125,13
8320929660,1962,Goldenrod,Bencin,62,67
1849364664,1990,Pink,Plin,185,12
5490175702,2006,Puce,Bencin,379,60
0779301099,2008,Violet,Bencin,179,78
9404724157,2008,Khaki,Plin,172,37
6514831265,1995,Orange,Hibrid,47,53
0613526139,1986,Yellow,Plin,283,39
1250173671,2008,Green,Diesel,47,15
0564476978,1999,Crimson,Plin,246,10
0635807513,1996,Orange,Plin,427,38
4114311165,2000,Aquamarine,Bencin,268,72
9381647631,2004,Goldenrod,Plin,325,98
2406623823,2012,Pink,Bencin,387,29
1412967147,1995,Pink,Bencin,306,54
1911771027,2009,Turquoise,Bencin,317,70
3572655412,2009,Crimson,Plin,69,14
6321451355,2012,Blue,Hibrid,241,88
9768424028,1997,Purple,Bencin,337,8
3196707571,2007,Pink,Bencin,366,37
9944087157,1995,Orange,Diesel,222,91
9165525728,1997,Teal,Bencin,139,75
1783619090,2012,Purple,Diesel,186,23
4203278872,1985,Fuscia,Hibrid,500,9
5923884771,1999,Pink,Hibrid,195,52
1481705156,1994,Turquoise,Plin,39,26
6046430550,2011,Fuscia,Hibrid,182,49
7491223532,1994,Khaki,Bencin,499,79
3993844270,1995,Green,Plin,196,23
6262820795,2010,Purple,Bencin,442,26
9416722782,2008,Puce,Hibrid,319,98
5565728312,1999,Teal,Diesel,453,76
1903577756,2009,Violet,Plin,39,3
8234976923,2011,Crimson,Hibrid,344,10
3492037097,2008,Yellow,Plin,357,44
4434348973,2012,Goldenrod,Bencin,326,57
8594290853,2005,Khaki,Bencin,358,83
9401192154,2007,Puce,Bencin,457,46
7413273365,1990,Puce,Hibrid,16,19
3805153058,2006,Violet,Hibrid,206,79
3129668446,1995,Maroon,Diesel,113,26
5316145496,2007,Mauv,Bencin,268,64
5719965831,2003,Violet,Bencin,431,77
8014746791,1997,Purple,Bencin,291,59
3999174323,1992,Purple,Bencin,447,36
3950082999,1993,Fuscia,Bencin,351,99
3254332237,2008,Yellow,Hibrid,46,25
3843323402,2002,Crimson,Hibrid,442,70
2129493998,2006,Khaki,Diesel,475,99
6556700118,1997,Teal,Plin,413,46
3467579329,2007,Goldenrod,Plin,284,38
4291600321,1996,Crimson,Hibrid,9,63
8820567288,1999,Teal,Diesel,238,70
7035628525,1986,Turquoise,Hibrid,174,91
5633686209,2006,Blue,Diesel,58,41
2087135797,2008,Violet,Diesel,500,38
2379046786,2007,Crimson,Bencin,51,31
3647390364,1998,Aquamarine,Plin,160,90
5399254077,2007,Orange,Plin,294,5
6087196021,2007,Fuscia,Plin,401,84
9413840563,2008,Maroon,Bencin,49,88
6814495015,2011,Blue,Plin,432,26
7716741403,2004,Indigo,Bencin,290,2
2639755722,1995,Violet,Bencin,63,7
2523168464,2008,Mauv,Diesel,249,75
7966250970,2005,Violet,Diesel,298,40
6830594421,1972,Goldenrod,Hibrid,133,21
9099275005,1997,Violet,Diesel,444,100
9201674414,1996,Crimson,Plin,382,95
7981914639,2007,Fuscia,Hibrid,205,34
8497061861,2011,Maroon,Hibrid,7,49
9721730602,1986,Violet,Plin,62,7
6835566043,2006,Khaki,Bencin,263,1
4161684835,1978,Yellow,Hibrid,75,33
6364300812,1990,Goldenrod,Bencin,34,96
3575727112,1996,Maroon,Diesel,363,31
4648124162,2000,Red,Diesel,345,97
8746901698,2011,Aquamarine,Plin,61,82
1994587253,2004,Red,Bencin,81,93
9641739565,2011,Orange,Plin,223,37
6408668550,1999,Blue,Bencin,282,51
6493026709,2009,Aquamarine,Bencin,331,61
2999551568,2002,Fuscia,Hibrid,314,99
4248881608,1996,Maroon,Plin,250,92
9709969986,1994,Green,Hibrid,458,15
4354440393,1992,Teal,Diesel,146,27
6528409447,2000,Goldenrod,Diesel,295,38
1791279058,2009,Red,Plin,207,33
6126314824,2002,Purple,Bencin,461,83
6503060416,1997,Green,Plin,242,14
2467705803,1995,Mauv,Diesel,85,75
6591528571,2000,Aquamarine,Diesel,17,8
0572769911,2006,Pink,Bencin,451,88
1956061371,2009,Purple,Plin,92,3
7419017301,2000,Red,Bencin,498,57
8254307024,1986,Indigo,Plin,314,38
8081409645,2010,Goldenrod,Bencin,243,71
4314960396,2012,Crimson,Plin,160,21
2682291376,1992,Turquoise,Bencin,330,54
0522115381,1974,Yellow,Plin,412,94
4167895048,2006,Fuscia,Diesel,458,88
0325264309,2002,Blue,Plin,194,37
3210097763,1998,Puce,Plin,114,6
5683764629,2007,Violet,Plin,336,38
6557661574,1998,Orange,Hibrid,348,45
3451334348,2011,Crimson,Bencin,104,58
2407684656,1989,Pink,Plin,305,70
9042612231,2002,Teal,Plin,100,2
0689017391,1998,Indigo,Diesel,227,36
7987259942,2009,Goldenrod,Hibrid,259,81
4252063116,2003,Goldenrod,Bencin,62,80
7596237509,1994,Indigo,Diesel,452,2
6454986497,2008,Fuscia,Hibrid,451,20
9612057192,1992,Crimson,Hibrid,9,54
0054546982,1994,Green,Diesel,98,94
2547632152,2012,Green,Hibrid,379,95
2224492294,2013,Orange,Plin,168,39
4836482496,2002,Crimson,Diesel,296,5
3579893009,2001,Maroon,Diesel,71,11
1513081055,1999,Turquoise,Bencin,276,87
0244877343,2005,Orange,Bencin,236,3
9875000728,2006,Aquamarine,Bencin,496,92
8734456589,2003,Fuscia,Diesel,282,27
2375352831,2005,Teal,Diesel,286,41
6433716016,2001,Goldenrod,Hibrid,16,68
8271259547,1995,Turquoise,Plin,340,34
1666813389,2005,Goldenrod,Plin,433,54
3176341245,2004,Purple,Bencin,122,31
0933948980,2010,Violet,Diesel,413,21
2526889189,1997,Yellow,Plin,456,70
6657632746,2008,Crimson,Hibrid,190,27
6531541571,2009,Aquamarine,Hibrid,179,73
6447677166,2005,Turquoise,Bencin,455,91
7602085833,2009,Teal,Plin,243,40
7797583609,1992,Mauv,Diesel,61,44
5247634756,1996,Fuscia,Diesel,58,26
4943782795,1994,Turquoise,Diesel,22,93
5179818087,2011,Purple,Plin,493,35
3265981231,1993,Violet,Hibrid,276,3
4008560130,1999,Fuscia,Hibrid,352,59
6208042054,2001,Orange,Bencin,5,46
2841662888,1997,Red,Bencin,200,63
4431144498,2006,Fuscia,Hibrid,468,43
6503296150,2000,Puce,Hibrid,256,24
7855543600,1995,Crimson,Bencin,261,95
8555180368,2000,Red,Diesel,241,44
1046534254,2007,Fuscia,Hibrid,90,44
5301692763,2001,Blue,Diesel,185,25
5825924027,2004,Yellow,Bencin,308,97
9330527396,1999,Pink,Bencin,430,3
2062263457,1987,Mauv,Diesel,243,62
4995488294,2012,Purple,Diesel,332,66
7337292899,2001,Pink,Hibrid,300,71
7177589074,2009,Red,Hibrid,7,70
7926793507,1989,Red,Diesel,236,79
0915609444,1994,Crimson,Hibrid,254,6
5804387987,1984,Indigo,Plin,349,43
0543904199,2001,Blue,Bencin,306,2
1581147090,2012,Green,Bencin,298,83
4346194907,2006,Khaki,Bencin,374,16
4201561089,2001,Purple,Hibrid,96,89
5478715468,1987,Blue,Bencin,125,19
4489629877,1994,Aquamarine,Bencin,480,95
9839677446,2000,Indigo,Plin,343,70
8394231225,1989,Khaki,Diesel,264,67
9258224140,2010,Mauv,Diesel,228,16
5041959684,1988,Blue,Plin,133,32
3338818041,2012,Green,Plin,365,77
7374777922,2012,Goldenrod,Plin,61,20
8596243992,1994,Mauv,Plin,321,9
2848368314,1985,Pink,Bencin,75,81
5961519392,2011,Green,Plin,14,2
5511862827,2000,Khaki,Bencin,139,5
2148771086,1994,Purple,Diesel,66,36
2876173573,2004,Indigo,Bencin,45,49
4566713202,1997,Purple,Diesel,494,40
6726067054,2007,Violet,Plin,50,62
3766193244,2011,Fuscia,Plin,315,67
8069021918,2006,Turquoise,Bencin,240,84
3158318989,2009,Indigo,Hibrid,128,36
6692827272,2011,Teal,Diesel,117,32
0005308720,2000,Aquamarine,Bencin,330,75
2509445251,1998,Turquoise,Bencin,319,64
5436024661,2008,Goldenrod,Hibrid,140,38
1596784415,2003,Green,Hibrid,489,36
2952721149,1997,Puce,Bencin,43,80
3920933168,2013,Mauv,Diesel,74,16
4560371830,2005,Crimson,Hibrid,159,5
1590746767,1993,Khaki,Plin,89,26
6716776214,2007,Khaki,Diesel,417,57
5321531277,2007,Pink,Diesel,304,56
7837626842,2002,Violet,Plin,345,71
4049880970,2008,Blue,Plin,71,96
0771976933,2010,Puce,Diesel,372,99
6820669860,2005,Puce,Hibrid,5,95
6134718432,2002,Orange,Plin,392,63
0615211941,2001,Yellow,Plin,399,84
5485344275,1998,Fuscia,Diesel,126,51
8106805409,1983,Aquamarine,Hibrid,58,20
6667876133,1994,Puce,Bencin,241,21
1973722496,2009,Puce,Plin,88,96
0296400688,2008,Indigo,Diesel,111,54
8543687810,1992,Goldenrod,Bencin,75,13
5667692287,1997,Indigo,Bencin,49,36
7292813097,2006,Mauv,Bencin,276,97
2833787596,2011,Turquoise,Plin,246,97
1785770837,2006,Red,Plin,297,22
8524789379,2002,Crimson,Diesel,55,89
3669664068,2000,Khaki,Plin,86,98
7447399450,2009,Crimson,Bencin,143,82
8893014149,2012,Red,Bencin,440,54
2689718790,1989,Crimson,Plin,336,34
4010012161,1995,Indigo,Diesel,324,26
4393629418,1999,Khaki,Hibrid,407,20
6260331967,2012,Goldenrod,Diesel,324,96
1745320326,2011,Red,Plin,331,17
4477545215,2004,Fuscia,Diesel,460,57
8318560930,2002,Pink,Diesel,272,46
9811111766,2005,Teal,Plin,489,76
4386756086,2007,Puce,Diesel,261,47
2080179365,2000,Green,Plin,441,16
1280728507,2006,Puce,Plin,428,37
3772733387,2005,Mauv,Plin,273,32
9475145265,2004,Fuscia,Hibrid,37,66
6006628031,2003,Red,Plin,492,81
6530778519,2003,Crimson,Hibrid,221,36
0658722506,1993,Orange,Bencin,410,13
6422314760,2005,Orange,Hibrid,444,40
7552037970,2012,Pink,Bencin,125,96
8781658249,1993,Orange,Bencin,144,1
4597796185,1986,Puce,Diesel,46,77
3800492229,2005,Mauv,Hibrid,161,25
1693464888,1988,Aquamarine,Plin,159,21
8945309764,2006,Indigo,Plin,209,58
1755799764,2004,Aquamarine,Diesel,455,18
0012721255,2010,Violet,Hibrid,73,26
0566778971,1999,Mauv,Hibrid,119,51
5852506044,1989,Indigo,Plin,210,77
7870343676,2003,Orange,Plin,368,40
8684226909,2005,Pink,Plin,343,35
0191678821,1990,Blue,Hibrid,405,58
5860074786,2009,Turquoise,Diesel,211,90
1615993959,1995,Goldenrod,Plin,47,12
0672557738,2006,Purple,Plin,341,73
6116585868,1989,Red,Plin,499,37
4724043725,2011,Green,Hibrid,187,91
4711322337,1990,Khaki,Bencin,164,58
7013593230,2012,Khaki,Diesel,335,98
9595119970,2010,Indigo,Bencin,201,2
9740278493,2005,Crimson,Hibrid,266,66
8475776043,2001,Goldenrod,Bencin,181,15
2214153640,2009,Teal,Diesel,488,82
4461751627,2010,Teal,Diesel,60,9
3923887574,2010,Fuscia,Diesel,227,61
1073883167,2013,Fuscia,Plin,335,38
0164937951,2011,Red,Diesel,334,68
9455435918,2006,Yellow,Bencin,291,75
3269200900,2012,Turquoise,Diesel,316,56
4933416877,1993,Indigo,Bencin,126,19
1377593444,2013,Orange,Hibrid,307,20
6026846891,2001,Pink,Hibrid,134,57
4525706279,2009,Crimson,Diesel,29,23
5362015737,1996,Purple,Hibrid,101,34
0544112946,2008,Purple,Bencin,14,22
6023365329,1998,Khaki,Diesel,42,16
6526808344,2000,Aquamarine,Hibrid,336,8
8274615069,1992,Mauv,Diesel,209,73
5792163464,2004,Fuscia,Diesel,201,25
9139866009,2006,Pink,Hibrid,440,2
0708522637,1995,Purple,Bencin,296,55
2568251441,1997,Pink,Bencin,450,65
4710514658,2001,Maroon,Plin,25,50
3850285421,2011,Khaki,Diesel,297,93
6436996001,2005,Violet,Bencin,293,51
4016670802,2005,Khaki,Hibrid,83,93
2119904189,2005,Indigo,Hibrid,290,7
2543264353,1993,Teal,Plin,246,90
3799526382,1991,Pink,Hibrid,269,93
0396883028,1989,Puce,Hibrid,392,89
8605502029,1998,Crimson,Hibrid,315,96
6666646819,1992,Yellow,Bencin,82,90
0475161912,1992,Blue,Diesel,345,31
7192722219,1987,Green,Plin,10,51
1416888098,1992,Aquamarine,Diesel,263,10
5968751886,1993,Pink,Plin,90,46
5728671381,2012,Maroon,Bencin,61,28
2807019242,1997,Yellow,Hibrid,35,56
0359993125,2005,Crimson,Hibrid,484,23
9168663161,2006,Crimson,Hibrid,211,32
6703498156,2002,Purple,Hibrid,454,70
9071418413,2004,Aquamarine,Diesel,19,80
7213395823,1992,Pink,Hibrid,137,87
3338362129,1996,Goldenrod,Hibrid,219,84
2004196130,1992,Maroon,Diesel,162,18
4711002413,2002,Yellow,Hibrid,410,17
3005440508,2005,Blue,Diesel,307,72
3220504094,2012,Goldenrod,Diesel,180,95
4168828085,1985,Green,Plin,93,100
7901062932,2002,Violet,Hibrid,142,34
4189342394,2005,Purple,Hibrid,76,77
7103193738,2002,Violet,Hibrid,281,61
0120428024,1996,Khaki,Diesel,402,95
8608524872,2006,Red,Hibrid,312,68
8643258903,1998,Red,Plin,429,55
9103433811,2010,Khaki,Hibrid,147,52
7369019276,1985,Yellow,Hibrid,357,91
2425664696,2009,Aquamarine,Hibrid,169,48
3373562333,1999,Indigo,Plin,213,99
4765206203,2010,Maroon,Bencin,43,90
8277101945,2001,Khaki,Diesel,355,29
5439110623,2007,Crimson,Bencin,385,19
0065394976,1994,Yellow,Bencin,305,96
5124270403,2004,Goldenrod,Hibrid,490,75
0632208171,1993,Blue,Hibrid,257,100
3517305561,2006,Maroon,Diesel,302,45
4808131986,2005,Pink,Hibrid,378,47
8526334565,2010,Teal,Hibrid,310,60
6644604307,2005,Puce,Plin,81,99
9375359492,2002,Pink,Diesel,48,88
5851000635,1985,Crimson,Hibrid,489,44
9320953899,1993,Yellow,Bencin,58,28
4141130605,2001,Teal,Hibrid,306,4
3487004925,2009,Khaki,Hibrid,362,58
6429487849,2009,Orange,Hibrid,106,31
8312397884,2000,Crimson,Bencin,287,89
9980811587,2007,Khaki,Diesel,363,83
4114636234,2013,Orange,Hibrid,426,47
4682385569,1998,Maroon,Bencin,106,14
7071037744,1992,Crimson,Bencin,352,67
8199815280,2011,Turquoise,Diesel,153,1
6351039436,2001,Aquamarine,Bencin,270,64
4880980072,2004,Purple,Plin,371,21
5478985856,1999,Mauv,Bencin,290,71
0193473429,2002,Purple,Plin,212,95
1659872561,2006,Purple,Hibrid,265,88
1439596867,1988,Aquamarine,Plin,72,20
1835679153,2009,Green,Diesel,295,72
2341688942,2007,Puce,Diesel,153,27
0019233817,1992,Fuscia,Hibrid,284,62
1313710342,1987,Crimson,Diesel,436,60
5795834939,1996,Mauv,Bencin,200,94
8775803135,2006,Mauv,Plin,207,86
6214243740,1993,Fuscia,Hibrid,391,34
4884360575,2001,Fuscia,Plin,122,63
8298812328,2012,Khaki,Bencin,52,88
9232734974,2002,Purple,Plin,352,25
0932382975,2005,Khaki,Hibrid,232,77
2962758088,1998,Maroon,Hibrid,360,37
5270448629,2012,Indigo,Hibrid,458,47
9563296052,2002,Puce,Diesel,15,59
0966303768,2000,Green,Diesel,1,91
4796916504,2006,Aquamarine,Bencin,119,51
7751467029,1993,Turquoise,Hibrid,75,33
8432695645,1990,Goldenrod,Hibrid,267,96
5850397345,2010,Red,Plin,15,70
6807718942,2006,Turquoise,Bencin,40,7
8211510324,1988,Teal,Hibrid,90,18
8467236108,2004,Purple,Diesel,89,36
9495771242,2006,Fuscia,Bencin,94,21
9717807574,2001,Aquamarine,Plin,58,52
9056493132,1996,Aquamarine,Plin,11,46
6408982654,1995,Maroon,Bencin,410,34
0559703635,1992,Maroon,Plin,352,86
1136637877,1992,Red,Diesel,289,71
6636643153,1992,Goldenrod,Diesel,348,60
4104610208,2008,Blue,Plin,369,27
6125392228,2011,Indigo,Bencin,56,32
1450512631,2004,Violet,Hibrid,347,82
3925010106,2001,Teal,Bencin,342,88
5547551465,2009,Crimson,Hibrid,171,3
3215576317,2004,Khaki,Bencin,165,3
2608012531,2013,Fuscia,Diesel,81,75
5775086139,2007,Teal,Bencin,123,26
3888741890,1999,Teal,Hibrid,475,49
4824838142,1997,Puce,Bencin,447,19
8222780123,2002,Crimson,Bencin,164,79
4857411016,2001,Violet,Diesel,83,56
7031470358,1994,Aquamarine,Hibrid,229,87
9766927456,2013,Turquoise,Bencin,97,43
5098222559,2012,Orange,Diesel,161,36
7681109803,2002,Fuscia,Diesel,433,32
5666951017,1995,Maroon,Plin,423,64
7695634433,2002,Mauv,Bencin,353,66
6809899243,2009,Pink,Diesel,139,35
0198831145,1994,Teal,Diesel,103,96
9665141716,2002,Fuscia,Plin,311,23
5326823365,1988,Indigo,Plin,103,50
6605343786,1995,Crimson,Bencin,233,76
8013477843,1992,Yellow,Plin,267,4
0335226426,2006,Indigo,Hibrid,127,64
4884840410,2001,Yellow,Plin,340,26
5335507020,2011,Goldenrod,Hibrid,12,12
6645859821,2000,Red,Diesel,414,34
6734625265,2011,Aquamarine,Hibrid,15,53
2866339029,2011,Maroon,Diesel,476,22
1709876697,1993,Mauv,Diesel,144,2
1387013416,2006,Teal,Diesel,499,68
9466828452,2001,Maroon,Hibrid,48,63
7452522346,1992,Aquamarine,Plin,360,20
2418789993,1993,Orange,Bencin,357,29
3922194699,2001,Fuscia,Plin,103,60
7810459589,2006,Fuscia,Hibrid,10,21
9582151560,2005,Mauv,Plin,438,47
9894875750,2007,Maroon,Bencin,277,29
0281386587,1995,Maroon,Hibrid,301,20
9412013647,2012,Puce,Bencin,319,48
5187756362,2002,Red,Hibrid,439,41
4318297004,1995,Crimson,Hibrid,292,2
1313571792,2012,Teal,Bencin,247,90
8316987171,2004,Aquamarine,Diesel,325,4
2002480850,2012,Pink,Diesel,44,8
2231013495,1990,Mauv,Hibrid,499,29
7081442870,1989,Violet,Plin,6,39
8452371128,2004,Blue,Hibrid,143,39
9762937015,1997,Green,Bencin,374,72
5282380676,2003,Maroon,Plin,433,19
0147527090,1992,Yellow,Diesel,326,32
8557952783,1996,Teal,Hibrid,258,43
1760267031,2007,Orange,Plin,75,15
9435656072,2008,Puce,Diesel,221,73
3464589935,1995,Orange,Plin,31,25
0965954560,1993,Red,Hibrid,128,32
7655218978,1988,Aquamarine,Bencin,260,38
5752527481,1989,Green,Plin,177,77
2336042959,1999,Fuscia,Plin,55,78
6129782128,2003,Turquoise,Plin,223,11
6447466785,2003,Aquamarine,Diesel,315,42
5538434397,2003,Orange,Bencin,60,57
1000228967,2000,Orange,Diesel,152,55
5553194814,1992,Teal,Hibrid,457,23
4110510120,2006,Green,Bencin,69,49
3329319127,1997,Aquamarine,Diesel,443,21
9366973531,1988,Puce,Bencin,135,22
0616394497,2006,Goldenrod,Plin,133,5
1560466820,1990,Purple,Hibrid,340,5
2323715771,1996,Red,Hibrid,141,27
9225947917,2000,Aquamarine,Diesel,131,15
7848052486,2005,Red,Plin,2,24
4090778476,2000,Turquoise,Plin,392,99
6919295563,2004,Pink,Plin,36,29
6911679486,2004,Yellow,Diesel,147,65
1299116825,2003,Khaki,Plin,103,56
3346315630,1995,Green,Bencin,337,85
4187157859,2005,Yellow,Bencin,411,92
0248038192,1975,Fuscia,Bencin,354,79
3802561090,2009,Khaki,Plin,389,18
8682875772,2006,Puce,Hibrid,362,51
2184241059,2001,Orange,Diesel,59,90
1775450171,2007,Yellow,Hibrid,424,73
8783104801,2005,Green,Hibrid,194,39
5111802649,2011,Mauv,Hibrid,374,61
2071410327,2011,Orange,Diesel,77,60
2374943240,2010,Fuscia,Hibrid,336,42
1528730410,1984,Violet,Bencin,30,94
6318279679,2007,Fuscia,Diesel,437,38
2741888639,2002,Mauv,Bencin,199,35
9460074472,2009,Purple,Diesel,203,70
9863724912,2010,Puce,Hibrid,303,44
0142606200,2010,Mauv,Diesel,288,25
0960469931,1992,Fuscia,Bencin,326,34
0201454718,2003,Aquamarine,Bencin,386,25
8098888231,2010,Red,Diesel,158,96
